Name,Absolute_magnitude,Color_index,Diameter_km,Argument_of_perihelion,Longitude_of_ascending_node,Inclination,Eccentricity,Semimajor_axis_AU
Ceres,3.33,0.72,848.4,73.470135,80.260196,10.586334,0.07881731,2.76718176
Pallas,4.12,0.66,498.1,310.864825,172.918176,34.92695,0.23008432,2.7696317
Juno,5.16,0.81,233.9,247.736324,169.843244,12.990663,0.25646812,2.67013684
Vesta,3.22,0.80,468.3,151.598805,103.757459,7.139175,0.0887568,2.36303823
Astraea,7.00,0.83,119.1,358.885807,141.52348,5.360136,0.18792367,2.57869792
Hebe,5.60,0.83,185.2,239.540125,138.638392,14.737637,0.20275219,2.42524054
Iris,5.63,0.85,199.8,145.413276,259.503911,5.517851,0.22966011,2.38695033
Flora,6.60,0.89,135.9,285.609201,110.864058,5.889169,0.15639085,2.20103748
Hygiea,5.60,0.69,407.1,312.486457,283.173387,3.831728,0.11115797,3.14018112
Parthenope,6.73,0.85,153.3,195.73782,125.520676,4.631277,0.09941751,2.45306902
Victoria,7.34,0.88,112.8,69.61074,235.363387,8.374117,0.22052522,2.333388
Egeria,6.95,0.75,207.6,79.906379,43.208703,16.536733,0.08561079,2.57557545
Eunomia,5.38,0.84,255.3,98.713225,292.90839,11.753566,0.18700971,2.64305665
Psyche,6.14,0.70,253.2,229.328365,150.030764,3.096791,0.13411772,2.92414506
Thetis,7.82,0.83,90.0,135.723771,125.539717,5.591983,0.13257089,2.47129277
Melpomene,6.57,0.85,140.6,228.181243,150.358975,10.132599,0.21816695,2.29513698
Massalia,6.61,0.81,145.5,257.506554,205.967817,0.7091,0.14328846,2.40857449
Lutetia,7.52,0.70,95.8,250.26765,80.850647,3.06388,0.16359628,2.43455076
Kalliope,6.64,0.69,181.0,357.773436,65.979316,13.700129,0.09862958,2.91119067
Thalia,7.17,0.85,107.5,61.440381,66.495104,10.107558,0.23110416,2.62919894
Phocaea,7.92,0.94,75.1,90.253645,214.095149,21.608987,0.25463648,2.39978694
Proserpina,7.58,0.88,95.1,193.721967,45.761964,3.562808,0.08907,2.65433231
Bellona,7.27,0.85,120.9,343.723093,144.289406,9.429012,0.15102586,2.77592219
Amphitrite,5.97,0.83,212.2,63.015484,356.328139,6.082784,0.07368276,2.55375365
Urania,7.61,0.87,99.7,86.90806,307.425617,2.093894,0.12716111,2.36512219
Euphrosyne,6.88,0.67,255.9,61.713516,30.797859,26.320384,0.21628073,3.16074374
Pomona,7.72,0.86,80.8,338.47666,220.36274,5.52176,0.08169295,2.58791206
Circe,8.68,0.70,113.5,330.049358,184.332232,5.497417,0.10658694,2.68688813
Leukothea,8.77,0.70,103.1,213.759574,353.72288,7.930289,0.22426634,2.99635061
Atalante,8.61,0.73,105.6,47.810224,358.198929,18.373805,0.30604448,2.74554619
Fides,7.42,0.84,108.3,62.32849,7.265459,3.07067,0.1757182,2.64321334
Leda,8.52,0.72,115.9,169.384457,295.531826,6.949744,0.15130725,2.74283283
Laetitia,6.26,0.89,149.5,209.701074,156.935795,10.37044,0.11194965,2.76933393
Harmonia,7.29,0.85,107.6,268.950818,94.163876,4.255588,0.04628176,2.26740267
Daphne,7.52,0.73,174.0,45.967465,178.055885,15.789704,0.27435963,2.7612163
Isis,7.62,0.88,100.2,237.23722,84.176527,8.510597,0.2223611,2.44275807
Ariadne,8.00,0.87,65.9,16.209373,264.761394,3.470669,0.16873738,2.20277051
Nysa,7.01,0.70,70.6,344.163744,131.499406,3.711667,0.14911866,2.42312858
Eugenia,7.67,0.66,214.6,87.543514,147.591473,6.605085,0.08335394,2.72088043
Hestia,8.59,0.70,124.1,177.090552,181.06874,2.351775,0.17271335,2.52484218
Aglaja,8.21,0.66,127.0,315.258035,3.051241,4.975713,0.12996863,2.8802805
Doris,7.19,0.72,221.8,250.876082,183.448799,6.559869,0.06826927,3.11711054
Pales,7.89,0.75,149.8,113.222844,285.029919,3.200267,0.22167385,3.09907857
Virginia,9.36,0.71,99.8,199.977983,173.466857,2.839405,0.28515192,2.65098565
Nemausa,7.66,0.77,147.9,1.690801,175.955213,9.979442,0.0674045,2.36491941
Europa,6.57,0.66,302.5,342.957612,128.5862,7.478466,0.11103146,3.09396274
Kalypso,8.91,0.71,115.4,314.212206,143.458067,5.181009,0.20250395,2.61870206
Alexandra,7.87,0.70,165.8,345.267487,313.23193,11.796442,0.19680295,2.71097053
Pandora,7.86,0.69,66.7,5.51945,10.361874,7.181715,0.14411599,2.75837169
Melete,8.55,0.69,113.2,104.947617,192.940473,8.08189,0.23750681,2.59686617
Mnemosyne,7.02,0.83,112.6,210.565733,198.89722,15.236718,0.10868161,3.15291779
Concordia,9.07,0.69,93.4,34.085641,161.063576,5.072589,0.04496431,2.6987008
Elpis,8.07,0.67,164.8,210.842464,169.931131,8.649284,0.11717589,2.7133634
Echo,8.56,0.85,60.2,271.016559,191.541178,3.601158,0.18514625,2.39161712
Danae,7.65,0.85,82.0,12.78496,333.573245,18.207845,0.16449078,2.98559539
Erato,8.83,0.71,95.4,277.481125,125.12005,2.236499,0.16810873,3.13060298
Ausonia,7.57,0.90,103.1,295.911106,337.697759,5.773912,0.12814511,2.39425554
Cybele,6.89,0.67,237.3,103.733137,155.525989,3.563568,0.11896833,3.43516373
Maja,9.55,0.71,72.8,43.386299,7.499449,3.045166,0.17312236,2.64717555
Asia,8.37,0.86,58.1,107.067383,202.387747,6.029287,0.18457472,2.42219428
Leto,7.05,0.84,122.6,304.720593,44.056163,7.961036,0.18479413,2.7837146
Hesperia,7.25,0.70,138.1,288.799606,184.985863,8.593137,0.17011394,2.97498192
Panopaea,8.25,0.74,122.2,255.758375,47.661083,11.595249,0.1808967,2.61619713
Niobe,7.24,0.82,83.4,267.082544,315.925915,23.242006,0.17626087,2.75403712
Feronia,9.11,0.78,86.1,103.194915,207.933495,5.417397,0.12100213,2.26692206
Klytia,9.03,0.82,44.4,55.827128,6.853887,2.369939,0.04199807,2.66512734
Galatea,8.82,0.69,118.7,174.728542,197.118516,4.071913,0.23627111,2.78150637
Eurydike,9.14,0.71,55.7,339.500293,359.321992,4.991695,0.30360367,2.67430871
Freia,8.06,0.70,183.7,252.00902,204.282816,2.12273,0.16672273,3.41259185
Frigga,8.68,0.75,69.2,61.671871,1.131784,2.422886,0.13340393,2.66732688
Diana,8.35,0.71,120.6,152.942317,333.345972,8.680813,0.20371743,2.62371151
Eurynome,7.97,0.88,66.5,201.565849,206.521464,4.613973,0.19074683,2.44438213
Sappho,8.14,0.90,78.4,139.547528,218.648558,8.676693,0.20002536,2.295913
Terpsichore,8.73,0.71,119.1,51.53841,0.94848,7.805357,0.21177323,2.85136529
Alkmene,8.30,0.81,61.0,110.945697,25.435603,2.826238,0.2205307,2.76287259
Beatrix,8.79,0.70,81.4,169.957939,27.668831,4.967393,0.08235618,2.4315764
Klio,9.38,0.73,79.2,15.04771,327.51497,9.316301,0.23612322,2.36205866
Io,7.83,0.66,154.8,122.900656,203.051562,11.961321,0.19382489,2.6532333
Semele,8.77,0.71,120.6,308.955487,86.068598,4.821766,0.21624038,3.10451495
Sylvia,6.98,0.70,260.9,264.288214,73.010411,10.879852,0.09396736,3.47769995
Thisbe,7.30,0.66,200.6,36.67586,276.431731,5.213881,0.16171487,2.76831505
Julia,6.78,0.88,151.5,45.094879,311.546064,16.125929,0.18447569,2.55033437
Antiope,8.49,0.69,120.1,245.25204,69.93771,2.206966,0.16780716,3.15041725
Aegina,8.94,0.73,109.8,74.363865,10.436618,2.103126,0.10712099,2.58987298
Undina,6.82,0.73,126.4,237.341527,101.406375,9.919939,0.1054343,3.18684536
Minerva,7.96,0.73,141.0,275.37994,4.025841,8.557737,0.13931351,2.75662184
Aurora,7.73,0.66,204.9,60.201414,2.550894,7.970906,0.09526501,3.15603879
Arethusa,8.04,0.71,136.0,153.341435,242.969202,12.996459,0.15366953,3.06686737
Aegle,7.71,0.77,169.9,208.09407,321.492929,15.979825,0.14161564,3.05060649
Klotho,7.85,0.70,82.8,268.542024,159.620036,11.77964,0.25795551,2.66732283
Ianthe,8.95,0.75,104.5,158.401131,353.896723,15.576107,0.18746445,2.68723775
Dike,9.51,0.70,71.9,195.570007,41.407344,13.864823,0.19720546,2.66263039
Hekate,7.70,0.83,88.7,183.781253,127.171317,6.432942,0.16872125,3.08734754
Helena,8.25,0.87,65.8,347.943397,343.371214,10.194964,0.14114329,2.58252253
Miriam,9.39,0.72,83.0,147.234288,210.765734,5.173856,0.25100288,2.66331306
Hera,7.72,0.86,91.2,189.343105,136.068791,5.418569,0.07916964,2.70176141
Klymene,8.50,0.68,123.7,31.65429,41.65956,2.789894,0.16178556,3.14573297
Artemis,8.73,0.70,119.1,57.118338,188.222539,21.455998,0.17870444,2.37249313
Dione,7.64,0.74,146.6,331.502787,61.991677,4.575727,0.159383,3.18123913
Camilla,7.14,0.70,222.6,305.338786,172.586768,10.004433,0.06523997,3.48625074
Hecuba,8.01,0.86,65.0,211.867565,349.8115,4.211146,0.06154503,3.23709176
Felicitas,9.04,0.73,89.4,57.585264,2.759027,7.845605,0.30001888,2.6939241
Lydia,7.90,0.71,86.1,282.184649,56.774049,5.959819,0.07992387,2.73248977
Ate,8.23,0.70,134.6,168.223224,305.686495,4.931418,0.1028181,2.59357091
Iphigenia,9.82,0.70,72.2,16.998479,323.371279,2.597566,0.12855912,2.43318832
Amalthea,8.61,0.94,46.1,79.09927,123.429542,5.04121,0.08576383,2.37739836
Kassandra,8.35,0.76,99.6,352.657062,164.066603,4.944646,0.13828465,2.67666861
Thyra,7.72,0.86,79.8,96.801059,308.77467,11.58787,0.19268483,2.37937445
Sirona,7.88,0.87,71.7,94.234908,63.697645,3.563984,0.14115238,2.76619147
Lomia,8.09,0.68,148.7,51.570776,348.633508,14.927236,0.02349838,2.98946679
Peitho,8.98,0.86,41.7,32.908726,47.638835,7.747276,0.16404902,2.43824801
Althaea,8.44,0.89,57.3,171.411598,203.63342,5.787531,0.0816007,2.58109424
Lachesis,7.79,0.70,174.1,235.353388,341.170725,6.960883,0.05105635,3.12005836
Hermione,7.46,0.72,209.0,296.849989,72.878793,7.567294,0.12580696,3.45295483
Gerda,7.75,0.78,81.7,320.552941,178.088766,1.642173,0.02911241,3.22791046
Brunhild,8.92,0.85,48.0,125.251781,307.718688,6.413357,0.12098591,2.69451004
Alkeste,8.14,0.85,76.4,62.045068,187.911555,2.963777,0.07795023,2.62911245
Liberatrix,9.00,0.68,43.6,110.336958,168.96946,4.665766,0.07993983,2.74530555
Velleda,9.17,0.87,44.8,328.146813,23.240728,2.92359,0.10529476,2.43968358
Nemesis,7.75,0.68,188.2,302.991559,76.163758,6.245622,0.12811617,2.75048985
Antigone,7.03,0.72,125.0,110.73898,135.663611,12.27122,0.2129435,2.86697958
Elektra,7.30,0.75,182.3,237.693353,144.998536,22.778206,0.20958438,3.12646068
Vala,10.02,0.77,40.4,161.656355,65.559318,4.963174,0.06876455,2.43155525
Aethra,8.95,0.68,42.7,255.488615,258.14534,24.954407,0.38765313,2.61250643
Cyrene,8.14,0.92,66.6,290.292919,318.993547,7.214025,0.13438508,3.06241134
Sophrosyne,8.81,0.68,123.3,85.463067,345.860906,11.611986,0.11481809,2.56391368
Hertha,8.26,0.70,79.2,340.408532,343.558347,2.30378,0.20691005,2.42776955
Austria,9.76,0.74,40.1,132.649564,186.402844,9.580807,0.08447966,2.28713052
Meliboea,8.22,0.70,145.4,107.601233,202.172922,13.431496,0.21147416,3.12506537
Tolosa,8.86,0.88,45.5,260.622098,54.722381,3.202179,0.1619827,2.44964619
Juewa,8.05,0.70,156.6,166.318358,1.801253,10.901617,0.17131945,2.78941077
Siwa,8.50,0.72,109.8,197.039243,107.16754,3.185474,0.21401294,2.73317952
Lumen,8.45,0.66,131.0,57.739266,318.473187,11.897216,0.21354433,2.6663192
Polana,10.35,0.62,55.3,291.697311,291.209558,2.239141,0.13432935,2.41823441
Adria,9.17,0.74,89.9,252.073865,332.967486,11.44349,0.07328183,2.76114201
Vibilia,8.15,0.72,141.8,294.697687,76.17437,4.815029,0.23560859,2.65374387
Adeona,8.20,0.69,151.1,45.242796,77.328144,12.619579,0.14671014,2.67241151
Lucina,8.42,0.68,132.2,145.455669,83.930126,13.098563,0.0662154,2.71843482
Protogeneia,8.79,0.69,132.9,102.898965,248.232504,1.932448,0.02284323,3.13668018
Gallia,7.65,0.86,97.7,252.631769,145.001937,25.293916,0.18814477,2.7700627
Medusa,10.60,0.80,19.7,251.016997,159.59931,0.939866,0.06553514,2.17471527
Nuwa,8.53,0.71,151.1,153.909267,206.10429,2.202001,0.12374382,2.9844994
Abundantia,9.21,0.87,45.4,132.882787,38.737415,6.431719,0.03551016,2.59191546
Hilda,7.67,0.67,170.6,39.435663,228.090126,7.8288,0.13942522,3.97414956
Scylla,11.20,0.68,49.5,46.700738,40.548152,11.361755,0.27249934,2.7604135
Xanthippe,8.77,0.70,121.0,338.284703,241.813113,9.778962,0.22606297,2.72762055
Koronis,9.23,0.80,35.4,146.824343,277.668052,1.005077,0.05288298,2.8696313
Aemilia,8.35,0.69,125.0,332.734058,133.976979,6.113782,0.10135779,3.11369714
Una,9.15,0.72,81.2,50.6691,8.592547,3.82348,0.06715026,2.72956377
Athor,9.18,0.72,44.2,294.852834,18.550491,9.057735,0.13688512,2.37995257
Laurentia,8.97,0.76,99.1,115.716469,35.446072,6.091576,0.18216002,3.01661066
Erigone,9.76,0.70,72.6,298.581042,160.042707,4.816338,0.19243455,2.36577459
Eva,8.86,0.68,104.9,284.006537,76.789552,24.477032,0.34718557,2.63097851
Loreley,7.85,0.74,155.2,345.000743,302.453008,11.236121,0.08399526,3.12459264
Urda,9.25,0.86,39.9,128.188807,166.10612,2.217537,0.03759444,2.85202891
Sibylla,8.10,0.75,148.4,175.959724,205.921238,4.670416,0.07472446,3.37539493
Zelia,9.54,0.85,33.6,334.760799,354.730639,5.501151,0.13058341,2.35836906
Maria,9.35,0.89,44.3,158.022259,301.210659,14.359709,0.0617327,2.55463428
Ophelia,8.65,0.69,116.7,55.545652,100.467553,2.54662,0.13200702,3.13051627
Baucis,8.77,0.90,62.4,359.305876,331.903825,10.017713,0.11478264,2.37909591
Ino,8.00,0.70,154.1,228.793653,148.171906,14.198488,0.20995094,2.74229163
Phaedra,8.37,0.86,69.2,290.25679,327.62366,12.107717,0.14186294,2.86507802
Andromache,8.61,0.70,100.9,319.741633,21.268827,3.219243,0.23258856,3.18362565
Irma,9.69,0.73,73.2,39.50408,346.967328,1.381542,0.23416893,2.77194385
Belisana,9.44,0.90,35.8,211.740956,51.083567,1.8935,0.04208646,2.46000559
Klytaemnestra,8.16,0.83,77.7,104.242489,251.838871,7.815614,0.10993055,2.97420706
Garumna,10.25,0.83,32.7,175.963878,311.839819,0.867558,0.1678529,2.72145453
Eucharis,7.95,0.80,106.0,318.835019,143.010106,18.891345,0.20758167,3.1262886
Elsa,9.20,0.89,43.7,310.698908,107.179565,2.005444,0.18710363,2.41536899
Istria,9.54,0.84,35.4,263.995377,141.87581,26.395919,0.34842971,2.79462517
Dejopeja,8.44,0.71,66.5,212.010423,331.546229,1.138362,0.06349869,3.19411869
Eunike,7.71,0.68,157.5,223.764632,153.761704,23.253675,0.12732236,2.73889834
Celuta,9.01,0.84,50.0,315.506921,14.717269,13.186662,0.14961787,2.36233704
Lamberta,8.30,0.71,131.2,196.70627,21.673108,10.582405,0.24054611,2.72827658
Menippe,9.35,0.89,38.6,69.83207,240.825758,11.703624,0.17930773,2.76038987
Phthia,9.36,0.90,37.7,169.252344,203.341723,5.175659,0.03593188,2.45048789
Kolga,9.02,0.68,101.0,226.250358,159.190361,11.524011,0.08766359,2.89484141
Nausikaa,7.18,0.94,103.3,30.604956,343.099417,6.798162,0.24607449,2.40317411
Prokne,7.87,0.73,168.4,163.148945,159.261991,18.510014,0.23745632,2.61688246
Eurykleia,9.21,0.69,85.7,117.113727,6.974937,6.96975,0.04141438,2.88088031
Philomela,6.63,0.86,136.3,203.487036,72.298,7.262514,0.01496896,3.11355408
Arete,9.45,0.89,29.2,245.98981,81.576413,8.788914,0.16324303,2.73953676
Ampella,8.53,0.88,57.2,89.157376,268.215789,9.321272,0.22797283,2.45903632
Dynamene,8.45,0.71,128.4,86.924309,324.258486,6.898354,0.13275697,2.73802966
Penelope,8.47,0.71,68.4,180.997706,156.913187,5.756106,0.17919106,2.67927983
Chryseis,7.59,0.86,86.2,359.74653,136.713506,8.850019,0.10423578,3.07012018
Pompeja,8.89,0.70,116.3,60.038557,347.709043,3.171836,0.05955595,2.73688572
Kallisto,8.93,0.82,48.6,55.506755,205.080271,8.287135,0.17362107,2.67075421
Martha,9.49,0.69,80.9,173.622792,211.722808,10.704275,0.03720487,2.77997238
Hedda,10.13,0.73,58.7,192.212315,29.142303,3.80242,0.02957483,2.28406636
Lacrimosa,9.20,0.80,41.3,128.268534,4.151248,1.744767,0.01068521,2.89141485
Dido,8.30,0.69,159.9,249.829849,0.636454,7.17,0.05513117,3.14677295
Isabella,9.44,0.67,86.7,14.243632,32.557782,5.261143,0.12438548,2.72284859
Isolda,8.03,0.72,143.2,173.36201,263.176429,3.873083,0.15514505,3.04677907
Medea,8.41,0.70,136.1,105.316108,312.925117,4.27765,0.10290944,3.1172296
Lilaea,9.01,0.64,83.0,162.502844,122.017589,6.801173,0.14412046,2.75257795
Aschera,9.31,0.70,23.2,136.059537,341.926148,3.437515,0.03042865,2.61069235
Oenone,9.52,0.84,35.5,317.898091,24.901376,1.681578,0.03384557,2.76707162
Kleopatra,7.08,0.70,135.1,179.719841,215.313036,13.120498,0.25127787,2.79424598
Bianca,8.60,0.86,60.6,62.439558,170.565163,15.198383,0.11665974,2.66759784
Thusnelda,9.28,0.87,40.6,142.709803,200.774918,10.864916,0.22310327,2.35450355
Eos,7.80,0.79,103.9,192.518462,141.73632,10.891904,0.10191869,3.01138415
Lucia,9.70,0.66,54.9,181.832333,80.123354,2.149056,0.13081552,3.14114553
Rosa,9.91,0.71,87.6,65.406551,47.537398,1.923773,0.1200652,3.09127786
Oceana,8.68,0.75,61.8,282.640532,352.748241,5.845919,0.04509863,2.64430371
Henrietta,8.85,0.66,120.5,103.854198,197.031327,20.852741,0.26248285,3.39383448
Agathe,12.31,0.92,9.3,19.187194,313.285545,2.536255,0.24204409,2.20126272
Adelinda,9.23,0.71,93.2,309.089336,27.827386,2.077283,0.13703246,3.42106938
Athamantis,7.55,0.85,109.0,139.022554,239.772918,9.454853,0.06178263,2.38201328
Russia,10.44,0.70,53.3,51.838346,152.198942,6.066081,0.17420558,2.55226114
Asterope,8.46,0.78,102.8,126.554626,221.949232,7.692235,0.09970343,2.65934351
Barbara,9.10,0.87,43.8,192.376085,144.492788,15.375095,0.24509876,2.38552294
Carolina,8.92,0.90,57.6,208.017007,65.988717,9.029561,0.0610789,2.88257366
Honoria,8.28,0.85,86.2,174.242904,185.804047,7.700321,0.1905809,2.79746207
Coelestina,9.24,0.79,41.1,200.871228,84.22249,9.746827,0.07120214,2.76298191
Hypatia,8.11,0.73,148.5,210.607766,183.866924,12.415486,0.09076525,2.90492019
Vanadis,9.20,0.70,103.9,300.951356,115.062971,2.105732,0.20870868,2.66272446
Germania,7.81,0.69,168.9,80.423973,270.293343,5.503376,0.1046611,3.05024697
Ida,9.98,0.81,28.0,113.820528,323.605165,1.129733,0.04418685,2.86136749
Vera,7.84,0.84,79.5,331.742771,61.037062,5.178925,0.19747296,3.09742246
Asporina,8.52,0.99,60.1,96.21315,162.275217,15.621188,0.108661,2.69440788
Eukrate,8.33,0.69,134.4,55.349959,0.050713,24.957223,0.24614714,2.73955519
Bettina,7.57,0.72,79.8,75.773888,23.808825,12.819914,0.13608125,3.14445393
Augusta,11.73,0.85,12.1,233.071382,28.427172,4.512088,0.12138234,2.19475081
Oppavia,10.40,0.68,57.4,154.806737,13.582904,9.463778,0.07893973,2.74611428
Silesia,9.48,0.76,72.7,31.81966,34.051217,3.613064,0.11224384,3.11987501
Tyche,8.35,0.86,64.8,155.633899,207.53908,14.328348,0.20533918,2.61523888
Aletheia,7.89,0.67,178.6,166.730757,86.789989,10.809691,0.12979153,3.13068952
Huberta,9.22,0.71,94.7,180.113316,164.944089,6.42012,0.10794097,3.44872857
Prymno,9.51,0.69,50.9,66.822426,96.583976,3.633715,0.08988287,2.33138706
Libussa,8.38,0.84,50.5,339.828266,49.491136,10.427439,0.13586144,2.79720595
Aline,8.80,0.71,109.1,151.87253,235.812297,13.401184,0.15430613,2.80594971
Tirza,10.29,0.80,52.7,197.14388,73.597058,6.006146,0.10094984,2.77575594
Adorea,8.50,0.64,139.9,68.319577,120.850391,2.440292,0.13674955,3.09378241
Anahita,8.84,0.87,50.8,80.621196,254.303882,2.367109,0.15003425,2.19873841
Penthesilea,9.93,0.71,57.9,56.758884,335.342607,3.535313,0.10496394,3.00750886
Atropos,10.48,0.76,29.3,121.289348,158.911626,20.450359,0.1598846,2.39549541
Sapientia,8.95,0.72,121.0,39.339142,134.036061,4.764254,0.163306,2.77012901
Adelheid,8.62,0.71,121.6,264.788701,210.984905,21.657292,0.06333387,3.12378331
Elvira,9.93,0.83,27.2,135.884289,230.989234,1.165483,0.09262976,2.88586591
Thule,8.52,0.75,126.6,27.427703,71.878728,2.334857,0.04387031,4.26433591
Lucretia,11.91,0.95,11.8,16.851099,31.338487,5.302297,0.13180551,2.18802751
Clorinde,11.03,0.63,39.0,296.763032,144.878175,9.03694,0.08150198,2.33848761
Emma,8.69,0.71,148.1,55.630059,303.88264,7.986276,0.14435774,3.05030002
Amalia,10.26,0.70,53.1,58.02938,233.673022,8.054445,0.22140403,2.35932868
Iclea,9.09,0.67,96.9,210.089358,148.932965,17.942645,0.02403116,3.19237161
Nephthys,8.34,0.87,67.6,120.370271,142.317596,10.035259,0.02257251,2.35272235
Glauke,9.85,0.85,32.2,84.432819,120.106,4.337782,0.2058173,2.76060793
Nenetta,9.58,1.05,33.7,190.633458,181.927879,6.680897,0.20185634,2.87612485
Brasilia,10.27,0.72,55.1,87.493737,61.102889,15.5892,0.10290952,2.86655236
Theresia,10.00,0.85,27.7,148.339697,275.883845,2.699956,0.16740942,2.79729309
Clarissa,11.13,0.65,38.5,55.141887,7.732756,3.413419,0.11019678,2.40634319
Olga,9.90,0.71,67.9,172.553802,159.013896,15.848864,0.22162943,2.40286234
Gordonia,8.89,0.89,49.2,260.603837,207.460027,4.450829,0.19633708,3.08951684
Unitas,8.85,0.86,46.7,168.152903,141.855165,7.27768,0.15085835,2.35809337
Nike,10.12,0.67,55.0,323.946644,100.941852,6.124941,0.14387498,2.90693659
Polyxo,8.17,0.79,140.7,112.412452,181.591602,4.362808,0.03907495,2.74986363
Claudia,10.00,0.83,24.1,79.363294,80.968116,3.224046,0.00563589,2.89755892
Pierretta,8.84,0.84,50.0,262.183317,6.202285,9.036367,0.16043554,2.78066601
Chaldaea,9.09,0.71,96.3,315.815729,176.574884,11.652095,0.18194002,2.37442052
Roxane,9.82,0.67,18.7,187.237763,151.345557,1.766134,0.08552874,2.28664614
Florentina,10.16,0.79,27.2,35.055455,40.205597,2.587396,0.04736563,2.88378936
Phaeo,9.14,0.72,70.8,114.806505,252.304744,8.044552,0.24470131,2.78367976
Brucia,9.55,0.90,35.8,291.589981,97.290398,24.258122,0.29971782,2.38174745
Bamberga,7.12,0.70,229.4,44.137103,327.852027,11.102381,0.3412951,2.68047566
Heidelberga,8.80,0.70,75.7,70.737641,344.210531,8.574712,0.15128251,3.21535837
Tamara,9.34,0.71,93.0,238.520593,32.168614,23.724495,0.18964171,2.31774322
Gudrun,8.89,0.89,122.9,107.264756,351.89141,16.134915,0.10732826,3.10829316
Svea,9.66,0.69,77.8,57.9489,178.450823,15.88321,0.0253417,2.47731134
Etheridgea,9.81,0.70,74.9,334.016834,21.85087,6.036454,0.09588221,3.02718503
Badenia,9.51,0.75,78.2,23.062744,353.151563,3.738724,0.16003922,3.13236643
Chicago,7.73,0.72,155.8,153.638573,130.164781,4.641472,0.02502329,3.89393354
Roberta,9.10,0.62,89.1,139.816965,148.42436,5.102607,0.17228279,2.47576446
Lacadiera,9.85,0.73,69.3,30.949147,234.986363,5.651729,0.09534034,2.25196445
Devosa,8.80,0.69,59.1,99.461192,355.343354,7.859638,0.13642435,2.38371153
Budrosa,8.59,0.70,63.1,109.209242,287.307921,6.039041,0.01819673,2.9111528
Dorothea,9.47,0.77,38.2,164.678633,173.490594,9.966607,0.09923435,3.01209673
California,11.36,0.92,14.7,293.920469,29.012135,5.667039,0.19428146,2.19958132
Endymion,10.25,0.71,60.6,224.88694,232.653156,7.353945,0.13020453,2.56736758
Ostara,11.74,0.77,19.1,10.24368,38.580136,3.259884,0.22993129,2.41086832
Desiderata,8.38,0.71,132.2,237.494745,47.995361,18.353078,0.314008,2.59519913
Tercidina,8.98,0.72,94.1,230.969912,212.588653,9.745232,0.0620365,2.32470995
Hermentaria,7.38,0.85,106.5,291.58807,91.910696,8.750715,0.10322188,2.79667381
Pariana,9.08,0.68,51.3,86.849464,85.327467,11.672785,0.16414909,2.6157431
Dembowska,6.04,0.93,139.8,344.313492,32.193158,8.250852,0.08945379,2.92305943
Ornamenta,8.52,0.69,118.3,337.767428,90.082002,24.899448,0.16024426,3.10740059
Yrsa,9.08,0.84,39.6,31.755927,99.188287,9.205962,0.15595851,2.76552903
Gisela,10.19,0.90,20.3,144.440164,247.219864,3.384198,0.14941482,2.19397871
Eleonora,6.14,0.95,155.2,7.51902,140.245604,18.360337,0.11154273,2.80123447
Liguria,8.43,0.73,131.3,79.348358,354.499425,8.204745,0.24137086,2.75496228
Ninina,8.90,0.72,106.1,255.685643,137.630961,15.053976,0.07760745,3.15090805
Georgia,9.35,0.70,43.9,337.916983,6.004085,6.774447,0.15672323,2.72799717
Carlova,8.56,0.68,115.8,289.973158,132.196595,11.741639,0.17371964,3.0047068
Bononia,8.45,0.75,141.7,68.029626,18.784411,12.613578,0.21049856,3.96930954
Isara,9.81,0.89,28.0,313.149855,105.514219,6.00455,0.14902475,2.22053754
Corduba,9.25,0.72,105.9,215.451118,185.141284,12.800579,0.1561703,2.80225608
Haidea,10.00,0.73,69.6,95.530993,226.295389,7.799109,0.20128876,3.07178301
Aeria,8.70,0.71,60.0,269.986212,94.142643,12.717995,0.09722578,2.6481222
Bohemia,8.70,0.82,54.6,342.121494,283.377487,7.400296,0.06327037,2.7270636
Melusina,9.16,0.67,95.8,349.05694,3.632293,15.378374,0.13781486,3.12234398
Burgundia,8.83,0.85,44.7,26.125344,218.981954,8.994436,0.07898006,2.78006767
Geometria,9.53,0.88,34.9,316.659796,301.963752,5.430969,0.17275958,2.28783033
Campania,9.09,0.75,91.0,196.35205,209.930593,6.677563,0.07541334,2.69050564
Holmia,9.87,0.84,26.7,156.795618,232.352843,7.01079,0.13072364,2.77743343
Huenna,9.02,0.67,92.3,180.843065,171.857542,1.670691,0.17975793,3.1434545
Fiducia,9.57,0.71,73.2,240.21375,95.02467,6.16169,0.1128047,2.67840515
Myrrha,8.46,0.67,120.6,144.187744,125.069656,12.55889,0.08965716,3.22203752
Dodona,8.85,0.69,58.4,270.430899,313.466005,7.391265,0.17061747,3.12051607
Janina,9.97,0.67,45.5,324.614493,92.766788,2.65925,0.16837557,3.13996047
Burdigala,9.44,0.85,36.9,34.899606,47.672243,5.59063,0.14538057,2.65207765
Ilmatar,7.61,0.90,91.5,189.171638,344.85444,13.582767,0.12617734,2.84648071
Siegena,7.73,0.74,165.0,220.860014,166.636109,20.21792,0.16917836,2.89893355
Aquitania,7.57,0.88,100.5,157.539802,128.209154,18.112237,0.23517756,2.74125672
Charybdis,8.71,0.72,114.2,329.432572,354.188265,6.450714,0.06568191,3.00269053
Industria,7.93,0.86,79.0,266.311308,282.144589,8.112616,0.0656807,2.61093664
Alma,10.12,0.79,23.7,192.05912,305.105058,12.140749,0.13134562,2.65065345
Lampetia,8.43,0.74,96.9,90.86361,212.393111,14.877277,0.3300186,2.7798749
Arduina,9.79,0.83,31.3,271.280689,66.863381,6.220699,0.22813791,2.76379015
Delia,10.50,0.73,51.0,11.284204,259.250233,3.354297,0.08420327,2.78425856
Vienna,9.42,0.81,43.3,139.950267,227.881776,12.870092,0.24820883,2.63404675
Chloe,9.06,0.80,54.2,17.155677,129.332248,11.833091,0.11233001,2.55812558
Cyane,8.98,0.90,49.0,254.267743,244.342471,9.159422,0.09815081,2.80876092
Arsinoe,9.16,0.66,97.7,120.654284,92.474759,14.098082,0.20113457,2.59161181
Thia,8.65,0.69,124.9,308.645645,255.197646,11.936804,0.24341371,2.58524482
Erna,10.38,0.73,49.2,37.764353,315.469149,4.191287,0.17819619,2.91863907
Arachne,9.13,0.70,95.1,81.86361,294.540179,7.516988,0.0710418,2.62616462
Aspasia,7.70,0.72,161.6,354.204413,242.104318,11.267524,0.07188653,2.57684899
Chloris,8.37,0.75,123.5,172.78334,96.924306,10.962448,0.2410702,2.725122
Edburga,10.00,0.68,31.9,252.956159,103.682503,18.726,0.34175586,2.58450557
Liriope,9.62,0.75,69.9,318.360332,110.545415,9.557362,0.07372045,3.50546179
Palatia,9.39,0.71,76.3,299.104785,126.324259,8.217889,0.30029306,2.7924614
Vaticana,7.82,0.88,85.5,198.374183,58.057731,12.860138,0.21750454,2.79166963
Suevia,9.61,0.76,40.7,348.4556,199.48601,6.647869,0.13541596,2.79937022
Alemannia,9.81,0.69,34.1,125.905611,248.728472,6.81573,0.11894195,2.5923613
Aurelia,8.62,0.64,129.0,44.445662,229.030744,3.931196,0.25194489,2.59514117
Bertholda,8.38,0.69,141.2,232.775805,242.528772,6.687242,0.02740166,3.42037384
Diotima,7.36,0.67,208.8,199.551716,69.350684,11.241521,0.0347695,3.06867301
Hippo,8.62,0.71,127.1,221.638067,311.323837,19.496394,0.10596492,2.88881735
Lotis,10.01,0.74,69.6,169.237641,219.923537,9.544648,0.12391353,2.6061692
Nephele,9.02,0.64,95.0,217.369067,117.182643,1.827898,0.17062608,3.13844119
Pythia,8.92,0.87,46.9,173.797646,88.732192,12.11722,0.14590346,2.36940751
Ella,10.41,0.70,41.5,333.372267,23.140328,1.8164,0.15489198,2.45017836
Zeuxo,10.03,0.61,61.2,210.250438,49.086896,7.367358,0.06790486,2.55456707
Ohio,9.88,0.72,76.6,244.623268,201.437043,19.130516,0.06667903,3.13380737
Bathilde,8.64,0.69,70.3,202.856589,253.499796,8.158479,0.08149753,2.80636727
Eichsfeldia,10.00,0.69,65.7,84.960223,134.883005,6.068573,0.07007683,2.34603453
Photographica,10.16,0.90,26.7,349.110361,175.403977,4.235633,0.03978059,2.2164108
Gyptis,8.07,0.68,159.6,154.6934,195.604497,10.273963,0.17408758,2.77140346
Edna,9.27,0.68,87.2,81.779834,291.977126,21.308748,0.19782077,3.19658801
Aeternitas,8.77,1.03,45.4,279.152005,42.01992,10.61588,0.12523225,2.7884444
Valentine,9.12,0.78,79.5,320.352542,71.794482,4.793979,0.04561912,2.98673478
Natalie,10.25,0.66,47.8,293.341949,37.182723,12.732328,0.18770878,3.1318103
Hamburga,9.81,0.70,85.6,48.731949,85.770496,3.079163,0.17299487,2.55049217
Brigitta,10.23,0.78,33.3,359.275809,14.352201,10.132927,0.09776703,3.01799872
Patientia,6.85,0.65,225.0,336.554619,89.002735,15.205797,0.07029499,3.06250584
Mathesis,9.33,0.66,81.6,177.293241,32.169385,6.29279,0.11147342,2.62712718
Bruchsalia,8.98,0.70,84.4,273.439912,76.071874,12.017705,0.29518391,2.65513516
Hercynia,9.69,0.88,38.8,277.181217,134.11898,12.654099,0.24289797,2.99274265
Signe,10.44,0.87,29.3,19.485188,29.468361,10.302193,0.21150883,2.61894732
Saskia,10.53,0.61,45.7,308.611316,156.520759,1.471898,0.14525981,3.11700898
Eriphyla,9.38,0.84,35.6,249.418444,105.209733,3.19075,0.08775242,2.87203847
Lola,11.82,0.71,20.0,329.653061,36.491997,13.541627,0.22009312,2.39847331
Megaira,9.80,0.64,74.0,257.921175,102.341122,10.163398,0.20471624,2.80157204
Tisiphone,8.49,0.66,115.5,254.431574,290.321666,18.986264,0.0958847,3.35824725
Lina,9.77,0.67,69.3,332.262762,21.497701,0.436325,0.19599132,3.13302002
Argentina,8.72,0.65,125.6,213.800863,333.071655,11.472676,0.15982213,3.19114462
Kilia,10.09,0.89,26.4,47.717823,173.199218,7.233724,0.09570149,2.40379927
Papagena,6.72,0.83,134.2,315.696916,83.779844,15.014773,0.2289441,2.89044619
Roma,8.95,0.88,47.3,296.490463,127.052249,15.810648,0.09542489,2.5427969
Ocllo,11.61,0.70,31.0,305.979849,34.399341,18.953084,0.3795199,2.59410469
Hedwig,8.65,0.71,116.8,1.292773,286.215986,10.9188,0.07419143,2.65099628
Italia,10.31,0.89,22.5,322.492348,10.642246,5.289545,0.1879826,2.41509865
Tergeste,7.98,0.86,79.5,243.333634,233.44497,13.176643,0.0803955,3.01666531
Hansa,8.28,0.87,56.2,212.343898,237.132882,21.309052,0.04583678,2.64529895
Emita,8.85,0.70,116.0,349.223507,66.714132,9.845092,0.15807162,2.74027265
Petrina,8.95,0.87,46.6,87.8431,179.370605,14.47364,0.09646288,2.99810607
Seppina,8.37,0.86,69.6,163.320163,173.91089,18.75318,0.05092958,3.42683955
Venetia,8.34,0.85,63.1,281.394993,114.767591,10.251235,0.08619568,2.67067721
Kreusa,7.92,0.70,150.1,76.33729,83.027667,11.460342,0.15818178,3.17282194
Comacina,8.50,0.69,139.4,8.699852,166.699141,12.993076,0.0481707,3.15233171
Veritas,8.59,0.75,115.5,193.410706,178.037477,9.294051,0.08948298,3.17215271
Virtus,9.14,0.73,85.5,215.387719,38.073052,7.078714,0.06435704,2.98498704
Gryphia,11.80,0.86,15.5,258.344079,207.559068,3.792848,0.07912407,2.19965969
Iva,9.92,0.70,45.3,3.428357,6.310028,4.821874,0.30159386,2.85097792
Tokio,8.92,0.75,82.8,241.938588,97.189973,9.496472,0.22349912,2.65139583
Venusia,9.47,0.67,81.4,174.92703,256.205264,2.09151,0.21730134,4.01302599
Sigune,10.78,0.87,16.0,18.968592,132.955857,25.02671,0.17911991,2.3828389
Evelyn,9.36,0.72,81.7,41.422853,68.832872,5.008818,0.17458145,2.72603348
Marion,8.92,0.71,105.9,145.303942,312.926148,16.990619,0.14620357,3.04264265
Princetonia,8.43,0.73,142.3,209.737625,44.190673,13.338002,0.00759438,3.16077317
Iolanda,8.46,0.82,53.0,157.270291,217.510799,15.414587,0.09692288,3.06295739
Mabella,9.80,0.73,57.4,90.921286,202.667683,9.543546,0.19153188,2.6095182
Davida,6.44,0.72,326.1,337.112215,107.58132,15.943083,0.18883029,3.16140329
Taurinensis,10.78,0.94,23.1,249.352475,107.008962,8.747124,0.25406513,2.18938669
Centesima,9.57,0.81,50.1,225.863985,184.428887,9.735181,0.08519698,3.01198521
Armida,9.22,0.65,106.2,111.556848,268.525124,3.880058,0.0373378,3.04734674
Athalia,10.89,0.88,38.2,300.263554,121.08497,2.038605,0.17665292,3.12059618
Amherstia,8.28,0.74,73.1,258.062547,328.738359,12.95301,0.27484312,2.67777912
Edith,9.60,0.71,91.1,143.674249,273.798844,3.227081,0.17965898,3.15590782
Sylvania,9.00,0.83,48.2,302.863023,44.682671,11.012192,0.1830828,2.79159774
Franziska,10.63,0.74,28.7,20.463535,34.254889,10.962672,0.11058877,3.0067783
Brixia,8.56,0.71,115.7,316.110178,89.597521,10.581756,0.27849615,2.74408912
Helga,9.08,0.67,101.2,248.994999,116.558638,4.418915,0.08663864,3.62838956
Fidelio,9.90,0.72,71.7,79.175669,326.657162,8.223084,0.12700821,2.6350414
Jena,10.19,0.64,41.5,357.425754,137.72642,2.173245,0.12826465,3.13501778
Preziosa,9.99,0.79,32.0,332.02011,64.986891,11.017901,0.09326045,3.01623103
Turandot,9.39,0.65,84.8,199.551451,129.112334,8.564564,0.21776195,3.18851188
Herculina,5.92,0.85,222.2,76.733639,107.420711,16.298613,0.17950127,2.76927485
Sara,9.76,0.87,31.1,32.138402,180.296598,6.556629,0.04415199,2.97954065
Nassovia,9.73,0.83,33.1,338.279861,94.080344,3.275404,0.05958822,2.88216352
Montague,9.44,0.74,74.5,68.038415,84.761229,6.772628,0.02565238,2.56951632
Merapi,8.18,0.69,151.4,296.039573,59.198778,19.43296,0.08754262,3.49456467
Pauly,8.85,0.82,39.1,187.673662,120.161678,9.874029,0.22923494,3.07345675
Rosamunde,10.73,0.91,19.0,337.46377,202.105585,5.583209,0.09036821,2.21850722
Susanna,9.44,0.80,41.6,216.929676,152.946968,12.077468,0.142442,2.9042158
Messalina,8.87,0.69,111.3,331.314125,333.594113,11.206405,0.16982216,3.19946707
Herodias,9.80,0.77,66.0,110.258184,21.586482,14.869478,0.11550064,2.59679063
Praxedis,9.85,0.76,69.7,196.572859,193.056852,16.863691,0.23570596,2.77404071
Jessonda,11.00,0.83,18.8,157.70161,291.32959,3.953472,0.25690149,2.68705992
Senta,9.33,0.85,37.8,45.170694,270.675742,10.10538,0.22252668,2.58914413
Ortrud,9.71,0.67,78.5,70.604868,5.706296,0.394781,0.11868783,2.96763857
Peraga,9.11,0.66,95.9,127.761077,295.372492,2.934427,0.15210559,2.37538904
Phyllis,9.57,0.83,37.8,177.70811,286.025752,5.246858,0.10456516,2.46340778
Carmen,9.09,0.73,59.3,314.159523,143.648412,8.374421,0.03843576,2.90726221
Nanon,9.61,0.74,79.8,129.577245,112.047003,9.299143,0.06513757,2.71239907
Ingwelde,11.32,0.75,24.5,318.313536,159.139541,1.549251,0.12254841,3.17006218
Salome,10.05,0.80,30.7,263.180991,70.4729,11.108642,0.10344947,3.02107477
Suleika,8.45,0.87,53.3,336.780804,85.172309,10.245156,0.23668935,2.71100984
Dudu,10.35,0.73,49.6,214.920111,70.741789,17.982313,0.27649761,2.7477654
Marbachia,10.88,0.81,27.6,292.314798,225.66237,10.993304,0.13132837,2.44291091
Stereoskopia,8.16,0.70,168.2,299.902755,79.521572,4.893833,0.12042097,3.37870268
Eleutheria,9.19,0.65,93.4,133.77839,58.244803,9.255379,0.08916541,3.13317114
Misa,10.09,0.74,73.0,142.322501,301.547985,1.287445,0.17956401,2.65988692
Kythera,8.83,0.78,102.8,161.95847,223.298156,1.816489,0.11880158,3.42197329
Dulcinea,11.72,0.87,44.5,27.478693,3.137157,5.228547,0.24303586,2.41032786
Rebekka,10.86,0.69,29.6,192.199918,194.462709,10.57673,0.15654258,2.40117499
Sidonia,7.93,0.82,85.6,228.977105,82.628445,11.015292,0.0770018,3.01403589
Olympia,9.03,0.89,43.4,310.034189,155.696347,30.012278,0.22065705,2.61319524
Klotilde,9.30,0.66,81.6,251.904206,257.843333,8.245214,0.15989861,3.17050713
Semiramis,8.55,0.89,54.0,85.295449,282.013763,10.720118,0.23367473,2.3733902
Bilkis,10.47,0.70,58.1,330.150129,180.185749,7.581481,0.12850071,2.43014315
Thekla,9.47,0.66,82.4,253.225526,228.311218,1.627362,0.06467935,3.04138777
Achilles,8.27,0.77,135.5,133.684757,316.53601,10.319799,0.14827799,5.20965488
Croatia,9.14,0.72,88.0,228.479353,177.445387,10.797099,0.04021534,3.13604145
Irmgard,10.70,0.69,51.9,218.506853,334.140281,12.452102,0.20901244,2.67975363
Titania,9.43,0.65,75.3,30.831243,75.936977,16.905238,0.21728843,2.69744741
Scheila,8.99,0.72,113.3,175.555686,70.58236,14.659144,0.16236131,2.92782192
Octavia,9.73,0.74,72.3,292.141885,91.506523,12.230349,0.2511411,2.75945168
Luisa,8.78,0.88,64.9,294.366938,44.139687,16.715303,0.29308016,2.77310199
Nerthus,9.71,0.66,73.3,160.718879,169.543328,16.149651,0.10429861,3.13206958
Marianna,8.52,0.70,124.7,45.876589,331.474724,15.112517,0.25137251,3.08144835
Brangane,10.40,0.77,35.5,58.341608,318.464242,8.599603,0.22134456,2.58684234
Valeria,9.38,0.82,57.0,256.490764,189.3884,13.447438,0.12354937,2.97734605
Ginevra,9.70,0.64,80.0,66.053584,354.519481,7.670577,0.05638634,2.92073861
Roswitha,10.31,0.71,48.2,246.820159,13.394516,2.763053,0.11069699,2.63071871
Elly,10.65,0.88,18.1,109.201256,355.980633,14.958397,0.06017832,2.55324775
Patroclus,8.18,0.70,140.9,308.305809,44.360328,22.06243,0.13988429,5.20886076
Elfriede,8.36,0.70,120.3,229.988463,110.834918,17.052414,0.06918806,3.19209105
Werdandi,11.07,0.65,27.1,36.726001,66.643714,2.297854,0.13623481,3.12399745
Chimaera,10.80,0.71,44.1,124.769575,308.300971,14.123671,0.11130747,2.4618385
Notburga,9.22,0.70,100.7,43.506087,341.591611,25.377113,0.24188351,2.57477883
Charis,9.95,0.68,48.5,178.097489,142.460843,6.474005,0.0586963,2.89915835
Christine,9.32,0.82,49.7,205.185382,112.091895,11.523412,0.04334833,2.58146733
Philippina,8.67,0.87,57.6,279.382098,224.540068,18.899599,0.08423799,2.79242284
Zelima,10.03,0.79,34.4,190.745594,147.26702,10.903483,0.08409937,3.0174094
Vundtia,9.16,0.68,98.2,228.379483,182.858454,11.006864,0.07841714,3.14352214
Latona,8.34,0.84,71.2,70.892566,279.81506,8.555342,0.10803384,3.01590202
Brambilla,9.24,0.75,80.8,29.18108,234.873345,13.369721,0.07872167,3.16076089
Clara,10.02,0.88,33.4,120.897742,5.267419,8.168894,0.12810163,3.1848525
Scheherezade,9.81,0.71,71.6,229.157941,252.16249,13.772793,0.05680782,3.35829144
Cosima,10.81,0.81,19.9,269.005004,109.981714,1.04116,0.15369487,2.60010696
Agrippina,9.89,0.86,28.0,88.740291,359.226376,7.069907,0.1389489,3.2125725
Pippa,9.65,0.68,68.3,180.801132,290.799712,9.874497,0.20250303,3.19464145
Antikleia,10.15,0.85,33.0,353.222006,37.956112,10.764337,0.10197372,3.02614458
Berenike,9.35,0.84,39.2,61.291869,132.758837,11.287602,0.04421177,3.01244133
Zelinda,8.67,0.68,127.4,214.578442,278.333013,18.093752,0.23094017,2.29738944
Asteria,10.54,0.87,22.9,58.646634,350.953956,1.502038,0.06245238,2.85381374
Nestor,8.71,0.72,108.9,344.065724,350.743276,4.522446,0.11669011,5.16818917
Crescentia,9.12,0.85,42.2,106.05718,156.925462,15.200677,0.10727793,2.53324899
Cloelia,9.70,0.81,48.0,183.527021,335.590659,9.247887,0.0381436,3.01475129
Gerlinde,9.21,0.68,100.9,313.442101,232.310719,17.894715,0.14614872,3.07171523
Judith,10.00,0.71,72.7,102.743915,170.898614,8.577151,0.2329967,3.2003415
Kypria,10.11,0.82,31.8,116.542716,170.722982,10.793898,0.0756299,3.01095998
Edda,10.17,0.78,37.5,251.950543,226.398249,2.881052,0.0085068,2.81346236
Rachele,7.48,0.88,97.3,41.455448,58.098278,13.508136,0.19451947,2.92337805
Pax,9.14,0.86,51.5,267.074217,112.089039,24.40487,0.30973074,2.58703289
Genoveva,9.50,0.69,83.9,245.761066,37.951183,17.523192,0.29606524,3.14299051
Gersuind,9.65,0.84,41.1,89.05767,243.016142,15.690884,0.2684054,2.58829813
Zita,12.29,0.71,14.4,188.40282,168.122019,5.742428,0.22962703,2.31531693
Wratislavia,8.08,0.66,135.0,114.508857,253.051399,11.244368,0.17680874,3.1502001
Lehigh,9.37,0.74,87.7,304.336869,87.962717,13.015891,0.12408555,3.00879403
Hippodamia,9.06,0.86,45.9,53.639937,63.458872,26.084595,0.1689447,3.38222822
Zerbinetta,9.57,0.78,67.7,284.224688,351.7142,14.190903,0.03027481,2.94446728
Ekard,9.20,0.72,90.8,111.882688,229.96207,15.895656,0.32329966,2.67109402
Bella,9.12,0.87,48.2,79.808998,275.473855,13.845467,0.16044404,2.53945738
Galilea,9.50,0.73,80.1,333.215182,15.413722,15.123005,0.15388709,2.88292952
Oriola,9.20,0.66,40.2,325.271417,243.546636,7.13138,0.03733117,3.01219335
Alauda,7.41,0.66,194.7,353.721327,289.722955,20.595539,0.01629156,3.19510928
Interamnia,6.29,0.64,316.6,94.546889,280.227158,17.300295,0.15616248,3.05962945
Erminia,8.44,0.70,134.2,102.325714,2.781433,25.017503,0.05108809,2.92403715
Raphaela,10.58,0.88,21.4,198.795529,355.163213,3.48339,0.08475912,2.67388605
Fringilla,9.17,0.72,96.6,19.662207,324.371525,16.263735,0.11330765,2.91384757
Boliviana,8.66,0.73,127.6,181.481265,230.693558,12.755457,0.18511827,2.57612006
Luscinia,9.01,0.66,105.5,138.597798,217.458702,10.342086,0.15516872,3.40081386
Ulula,9.08,0.88,39.2,232.975124,233.691916,14.27267,0.05535715,2.53467883
Berkeley,10.73,0.86,21.3,56.191576,145.884731,8.486572,0.08657041,2.81364
Wisibada,10.96,0.70,31.0,24.509546,343.54462,1.6464,0.26429872,3.13620275
Bohlinia,9.68,0.81,33.7,109.507665,35.677556,2.353725,0.01855549,2.8862081
Tabora,9.42,0.78,76.1,352.711264,38.370589,8.323565,0.11797612,3.55162311
Amanda,11.82,0.74,21.5,323.162331,68.652562,3.790718,0.22232912,2.57280969
Nipponia,9.61,0.78,32.2,274.362409,133.039533,15.058106,0.10389357,2.5668879
Watsonia,9.42,0.78,49.1,87.407947,124.318645,18.048105,0.09674691,2.75991869
Sorga,9.79,0.69,41.8,288.616383,46.093056,10.694352,0.14285636,2.98996974
Mocia,9.26,0.68,88.4,188.824977,340.96896,20.287093,0.05805531,3.39844872
Marghanna,9.84,0.70,74.3,309.930648,42.921026,16.866598,0.32083358,2.730944
Harvard,11.28,0.90,16.7,200.762106,135.898763,4.376862,0.16518963,2.20167486
Arequipa,9.00,0.83,44.1,134.248054,184.615101,12.368201,0.24441982,2.59134388
Alagasta,10.06,0.76,62.8,48.934158,131.969304,3.530048,0.055322,3.03822178
Mandeville,8.72,0.71,107.4,44.876872,136.54312,20.661184,0.14328653,2.73717105
Cantabia,9.22,0.72,90.9,49.996555,115.794847,10.803712,0.10561441,3.063139
Edisona,9.52,0.84,45.6,283.829468,64.142244,11.201427,0.11509084,3.01331446
Aguntina,10.42,0.66,58.7,28.639585,142.641097,7.714665,0.11616648,3.17083087
Marlu,9.86,0.73,69.8,306.995408,1.917716,17.478851,0.23611258,3.11255978
Winchester,7.86,0.71,171.7,277.486238,129.085408,18.21428,0.33963137,3.00114695
Simeisa,9.01,0.69,103.0,177.739103,265.422248,2.257572,0.18930831,3.95210706
Oskar,12.25,0.60,20.6,73.472632,69.546146,3.948165,0.12835727,2.44399333
Faina,8.74,0.68,110.5,302.630873,78.816456,15.59554,0.15111465,2.55178295
Tiflis,10.22,0.94,23.6,202.923125,61.319405,10.08631,0.22100531,2.32934407
Malabar,9.24,0.70,87.6,303.067003,179.915633,24.544006,0.05089932,2.98836891
Quintilla,9.76,0.70,36.0,44.502325,176.665285,3.243595,0.1364757,3.18235569
Portlandia,10.11,0.70,32.1,43.981945,22.431226,8.172127,0.10801198,2.37325809
Mancunia,8.46,0.74,85.5,313.595415,106.123378,5.60429,0.15011418,3.19521909
Massinga,7.96,0.95,71.3,200.343115,331.551318,12.538267,0.23382611,3.1487153
Pulcova,8.26,0.65,137.1,188.70404,305.537298,13.09696,0.1069674,3.15480314
Gedania,9.75,0.72,58.3,158.73085,258.761509,10.00028,0.09267236,3.19282432
Moguntia,9.93,0.81,31.3,70.623031,7.822404,10.090588,0.097112,3.01770547
Bali,10.97,0.88,16.1,17.952638,44.659371,4.384285,0.15084341,2.2210082
Libera,10.30,0.66,29.4,228.610485,217.8567,14.892132,0.24723877,2.65247144
Tanete,8.39,0.67,117.7,145.808206,63.723997,28.836217,0.09465665,2.99811873
Irmintraud,9.16,0.70,95.9,333.161092,322.289969,16.667161,0.07833322,2.85751496
Lumiere,10.34,0.81,33.6,170.823526,297.521177,9.256555,0.06638843,3.01244216
Berbericia,7.76,0.70,151.2,306.524828,79.671578,18.235195,0.16629225,2.93231248
Theobalda,9.78,0.62,64.1,135.045824,321.231317,13.710799,0.25619491,3.18013119
Zwetana,9.51,0.64,48.5,131.583407,71.841202,12.767896,0.20948155,2.5701622
Bredichina,8.98,0.69,91.6,133.767733,89.749638,14.517279,0.15907916,3.17499975
Pretoria,8.12,0.70,170.4,38.108149,251.8021,20.544794,0.15437244,3.40780532
Ani,9.23,0.71,103.5,201.789914,129.80636,16.375536,0.1925178,3.12513526
Arizona,10.06,0.82,28.9,308.365985,35.954351,15.778009,0.12381646,2.79619268
Sarita,9.19,0.70,45.0,329.559605,33.143384,19.048932,0.31992595,2.63566589
Ruth,9.66,0.69,43.2,44.804606,214.241409,9.240603,0.0350282,3.01330844
Helwerthia,11.62,0.73,33.2,336.762606,185.910821,14.143317,0.07626272,2.6057085
Hispania,7.99,0.71,157.2,344.366264,347.575373,15.390741,0.14187009,2.83882931
Hormuthia,9.88,0.70,66.9,131.842702,166.344344,15.730718,0.18607361,3.19401541
Ceraskia,10.69,0.85,26.2,336.562975,132.084334,11.290806,0.06126771,3.02446459
Nauheima,10.77,0.86,23.6,179.222006,130.800769,3.137281,0.07085978,2.89677558
Tauris,8.80,0.68,109.5,296.320701,88.732987,21.793597,0.30537602,3.15836665
Anastasia,10.24,0.85,34.1,141.39654,141.351845,8.130992,0.13682472,2.79330407
Tanina,11.54,0.91,11.2,111.043091,101.399233,3.399641,0.07510504,2.22559586
Lindemannia,10.40,0.67,53.4,296.578536,1.808723,1.124782,0.02743418,3.19137993
Petropolitana,9.22,0.90,41.2,91.206423,340.277329,3.801817,0.06593238,3.21176062
Burnhamia,9.49,0.75,66.7,91.552397,182.663132,3.979771,0.20061679,3.18207682
Seraphina,10.17,0.71,59.8,117.517432,240.018881,10.421049,0.13105278,2.90020573
Lipperta,10.42,0.61,52.4,130.238227,260.654595,0.264567,0.17550474,3.13230074
Agnia,10.17,0.90,28.0,128.73662,270.719127,2.47981,0.09539077,2.7837222
Ara,8.20,0.70,61.8,62.864064,228.272557,19.537405,0.2010441,3.14395529
Zeissia,11.50,0.86,12.3,7.557262,141.165505,2.39379,0.09075406,2.22808224
Nansenia,11.54,0.73,27.0,60.174912,182.826709,9.215561,0.10507354,2.313583
Glasenappia,11.52,0.63,15.0,238.859617,82.891421,5.298997,0.08817448,2.19066209
Ursina,9.97,0.66,29.3,21.845815,309.319496,13.289558,0.10815209,2.79824625
Benkoela,9.16,1.08,27.1,98.124136,116.917687,25.416214,0.02795541,3.19990313
Lova,10.37,0.71,52.5,286.815266,115.761466,5.836511,0.14639262,2.70422065
Holda,10.19,0.73,30.0,19.993471,194.665713,7.38545,0.07881955,2.7351097
Mechthild,11.43,0.68,29.0,109.730323,149.996362,5.276724,0.14863862,2.62780109
Scott,11.00,0.81,25.8,210.912398,150.945588,11.357637,0.11566412,3.01152655
Walkure,10.88,0.64,38.4,275.78388,116.364794,4.254619,0.15918613,2.48741304
Herba,11.37,0.63,36.0,100.811019,262.579622,15.138863,0.32321186,2.99795939
Parysatis,9.44,0.88,44.5,298.035949,123.930137,13.851397,0.19517815,2.70758397
Waltraut,10.56,0.77,27.3,87.400048,160.530219,10.876957,0.0595388,3.02229868
Leopoldina,9.68,0.67,76.1,222.666609,144.921646,17.038026,0.14630099,3.05188091
Lysistrata,10.34,0.83,21.9,23.944352,257.945358,14.326543,0.09380213,2.54198552
Jokaste,10.14,0.68,27.7,127.392216,252.379936,12.469182,0.20216764,2.90698187
Rhoda,9.74,0.71,62.7,88.503911,42.924124,19.532376,0.163619,2.79976668
Ulla,8.79,0.69,116.4,232.048583,146.35683,18.791342,0.09190268,3.54544458
Agamemnon,7.99,0.77,166.7,81.494572,338.008153,21.761849,0.06756695,5.28234497
Palisana,9.13,0.74,76.6,49.116597,255.768244,25.205877,0.2142788,2.45789918
Rogeria,11.27,0.80,23.9,270.297872,192.616345,11.595022,0.10476696,2.62187732
Toni,9.49,0.72,85.5,220.285586,150.18536,8.986288,0.15329117,2.94045581
Alphonsina,8.45,0.84,54.3,201.644997,299.521461,21.09705,0.08099015,2.70042068
Ratisbona,9.28,0.67,67.5,172.886596,7.377377,14.642359,0.09281027,3.21576289
Whittemora,9.30,0.68,45.3,315.437702,110.974717,11.483173,0.23350205,3.16965746
Bethgea,11.80,0.94,27.5,72.53645,243.529218,3.69572,0.21700105,2.23196787
Isberga,12.02,0.93,17.8,6.14049,327.055008,2.58342,0.17668804,2.24701488
Kordula,9.31,0.58,87.2,283.895354,66.285996,6.240822,0.16988684,3.36888404
Begonia,9.80,0.78,69.2,3.899017,113.750373,12.109223,0.21377271,3.11568489
Barcelona,10.03,0.81,25.5,162.480527,318.235043,32.841686,0.16054977,2.6376729
Poesia,10.65,0.66,43.8,37.542303,69.654424,1.43131,0.14341998,3.11526395
Gaspra,11.49,0.87,15.5,129.828887,253.002072,4.105339,0.17339475,2.20985191
Li,10.18,0.62,58.0,150.504311,163.222451,1.172783,0.17408115,3.12729711
Asplinda,10.44,0.83,47.1,92.314581,343.110727,5.627308,0.18373624,3.99233733
Aslog,11.38,0.82,39.5,224.6598,145.441294,2.604741,0.09677937,2.90742367
Iduberga,12.31,0.90,11.5,5.234887,62.417415,7.984864,0.13742508,2.24757309
Muschi,9.94,0.87,23.4,178.043162,72.395054,14.413317,0.1301625,2.71789928
Petunia,10.21,0.87,27.9,297.57777,208.774728,11.60466,0.13418317,2.87027417
Leocadia,12.82,0.62,19.5,91.162481,287.725033,2.29064,0.20571521,2.46242115
Lioba,10.49,0.90,18.4,302.18767,86.638255,5.452553,0.10972202,2.53423585
Perseverantia,10.51,0.85,26.5,58.453584,38.665301,2.555331,0.03394589,2.83373982
Benjamina,9.36,0.74,80.5,321.351361,242.991183,7.722441,0.10888326,3.1940609
Philippa,9.95,0.71,65.7,71.058539,75.721711,15.175555,0.02533169,3.11587761
Aidamina,9.59,0.67,78.7,132.697936,216.521603,21.606444,0.23116037,3.20410996
Anacostia,7.98,0.91,86.2,69.694153,285.790842,15.897595,0.20238408,2.74020874
Martina,10.96,0.62,28.9,297.93678,45.991732,2.062804,0.20179784,3.0966129
Gunila,9.54,0.74,73.9,348.487773,250.664963,14.868229,0.09092536,3.15932018
McDonalda,11.24,0.66,31.4,254.468244,63.194589,2.069806,0.16121727,3.14359722
Hilaritas,11.24,0.69,29.5,146.514814,347.358067,0.658834,0.13955352,3.08736194
Gaussia,9.77,0.70,74.7,145.931765,259.116598,9.314684,0.12229759,3.21104822
Belopolskya,9.84,0.72,71.6,214.985416,153.528343,2.979964,0.08921469,3.39825566
Sarema,12.41,0.66,21.1,25.65067,73.148812,4.029355,0.13607853,2.4792877
Tombecka,10.26,0.74,31.9,99.549715,27.231162,11.90034,0.2091599,2.68231255
Christa,9.24,0.69,96.9,286.754485,120.127165,9.44507,0.08878427,3.206503
Strackea,12.52,0.94,8.4,122.009754,144.394593,26.981035,0.07096982,1.91152196
Flammario,9.09,0.66,99.4,286.610456,115.415044,15.859885,0.28436667,2.73795085
Thomana,10.00,0.74,58.3,195.80072,193.912947,10.06271,0.09636073,3.17014188
Lydina,9.38,0.68,71.4,23.418589,62.770847,9.390878,0.10469376,3.41022671
LaPlata,10.96,0.79,20.8,139.347847,29.876207,2.424657,0.02756609,2.889311
Arctica,9.53,0.68,75.5,310.434294,218.620186,17.638451,0.0595655,3.04515936
Ganymed,9.22,0.84,31.7,132.467927,215.498856,26.685553,0.53301627,2.66596734
Beate,9.69,0.90,31.6,158.106845,159.174988,8.921752,0.03813996,3.09450611
Feodosia,9.72,0.71,70.2,184.073792,52.693498,15.812148,0.18017721,2.7352764
Helina,10.37,0.76,35.5,250.887273,100.719276,11.530502,0.10942246,3.0151023
Viola,12.24,0.63,22.6,304.403576,143.601429,3.320954,0.14680429,2.47267552
Mimosa,11.16,0.80,23.7,102.881475,329.294138,1.172385,0.04781074,2.87713858
Orchis,12.33,0.62,23.3,56.952431,1.966687,4.587751,0.25713056,2.420559
Pirola,10.56,0.70,43.0,186.488524,147.938614,1.854877,0.17976495,3.12198008
Arabis,9.86,0.80,31.8,25.769022,30.133103,10.065648,0.08915667,3.01430003
Freda,8.97,0.68,116.7,251.242686,55.597361,25.194736,0.27051852,3.13142622
Pepita,9.44,0.72,39.3,117.74255,216.547285,15.829114,0.1108339,3.06948567
Fragaria,10.20,0.77,37.0,223.262364,116.84765,10.960604,0.1057233,3.00888258
Demeter,11.98,0.68,25.6,78.102692,234.217259,24.90652,0.25655154,2.42836251
Tata,10.11,0.60,66.5,0.333323,268.049493,4.120918,0.09818587,3.22386882
Polonia,10.04,0.78,35.8,87.002459,302.840209,8.992244,0.10845615,3.01773933
Stroobantia,10.93,0.70,24.6,268.05859,22.222113,7.793159,0.03002577,2.92565872
Mimi,10.63,0.70,46.8,282.734589,128.333376,14.768031,0.26559127,2.5930748
Neujmina,10.31,0.78,34.8,139.740331,269.185602,8.620947,0.08430332,3.02100682
Crimea,9.81,0.91,27.8,310.301965,72.070931,14.115648,0.11025284,2.77314761
Odysseus,8.37,0.80,125.6,237.750723,221.224728,3.141512,0.09181324,5.23695231
Oda,9.96,0.71,57.6,216.935149,156.126826,9.805356,0.08109206,3.75420717
Biarmia,9.85,0.68,31.1,63.615418,213.831838,17.063339,0.25507783,3.04384641
Rarahu,10.23,0.86,33.2,175.991465,145.362151,10.828659,0.10840453,3.01744041
Astronomia,10.51,0.66,61.1,205.34129,82.478581,4.532231,0.07051752,3.390688
Larissa,9.60,0.77,56.8,206.560184,39.655722,1.874776,0.10530954,3.9262018
Dubiago,9.80,0.74,63.1,72.812799,223.347257,5.746201,0.06805516,3.41671801
Siva,12.22,0.86,10.4,59.349253,0.851888,22.168248,0.30136938,2.32558982
Rusthawelia,9.91,0.69,70.1,292.376861,121.50374,3.085397,0.1946951,3.17574919
Aneas,8.30,0.73,142.8,51.253423,247.289101,16.65296,0.10666286,5.22920206
Anchises,8.90,0.71,126.3,41.366964,283.909176,6.925522,0.13904549,5.27901972
Gonnessia,9.39,0.67,92.0,255.001247,251.734248,15.016134,0.03435715,3.34625041
Turnera,9.89,0.79,35.6,296.486647,42.951419,10.750503,0.10116951,3.02227298
Geldonia,10.30,0.76,31.2,290.756253,235.506716,8.779544,0.03218127,3.01805383
Troilus,8.93,0.69,103.3,295.731477,48.552815,33.54344,0.09274922,5.25215639
Morosovia,10.05,0.83,33.6,166.096509,106.561041,11.264653,0.06231299,3.00809414
Francette,9.68,0.70,82.1,348.053415,149.561518,7.59247,0.18958681,3.94780743
Fantasia,11.63,0.90,13.9,129.317702,258.032158,7.886472,0.198854,2.30397239
Thais,11.85,0.76,22.3,306.064225,48.573739,13.178974,0.24214143,2.42967319
Dysona,9.61,0.75,83.0,320.586817,322.174502,23.513871,0.10028172,3.19064299
Calvinia,9.97,0.83,26.8,206.194658,151.700572,2.895845,0.08221212,2.89172712
Memoria,10.63,0.68,36.0,138.578081,161.687365,1.781706,0.17606389,3.12843575
Rutherfordia,11.40,0.88,12.4,224.255737,258.899666,4.871823,0.07604004,2.22438998
Celestia,10.73,0.89,17.4,63.508194,140.893513,33.836436,0.20655094,2.69479872
Normannia,9.77,0.73,69.2,101.999511,236.86759,4.175147,0.07957027,3.89380336
Varsavia,10.21,0.73,49.3,286.821696,158.467352,29.257777,0.18758371,2.66759227
Tone,9.47,0.73,73.3,300.324553,320.595969,17.18571,0.05087198,3.35722401
Libya,9.11,0.66,94.1,118.603401,350.988657,4.425326,0.10335335,3.98225275
Rollandia,8.87,0.77,105.2,19.403653,134.709599,2.758696,0.09761422,3.90251507
Cimbria,10.80,0.70,28.6,198.000212,188.42631,12.857218,0.16760355,2.68037414
Dolores,11.28,0.73,27.6,47.400473,246.993522,6.968089,0.23746956,2.70060754
Baillauda,10.16,0.67,50.8,91.563838,292.581018,6.420943,0.04421489,3.41828232
Latvia,10.28,0.77,36.8,115.401178,302.69371,10.887211,0.17236279,2.64401671
Banachiewicza,10.99,0.85,33.8,108.425135,200.42127,9.753488,0.09103231,3.02598425
Kutaissi,10.64,0.78,25.6,115.551349,193.034625,1.616747,0.06181492,2.86033438
Scythia,9.68,0.85,67.5,141.715467,274.0524,14.982873,0.09659922,3.14469464
Paula,12.80,0.87,11.3,144.246458,264.595431,5.240918,0.17408748,2.29533289
Losaka,10.98,0.78,22.5,278.314191,101.666122,15.977369,0.22485687,2.66618523
Devota,10.10,0.70,57.1,173.690304,222.649101,5.767724,0.13573091,3.50460075
Eliane,10.85,0.87,27.5,165.111604,131.993108,14.468568,0.17223755,2.61688378
Spiridonia,10.10,0.67,55.5,3.415082,158.793314,15.954507,0.07444676,3.17079563
Solvejg,10.64,0.64,32.1,184.510514,121.32693,3.101737,0.1901781,3.09768961
Zeelandia,10.70,0.81,21.0,217.730876,97.39516,3.195811,0.06394937,2.84961368
Desagneauxa,10.85,0.79,23.0,159.582511,290.887665,8.677563,0.05556526,3.02458649
Edmee,10.58,0.68,27.5,140.682234,107.468263,13.089933,0.07820789,2.74159239
Brabantia,11.28,0.71,18.0,229.368595,312.95023,20.928364,0.20310203,2.28864983
Potomac,9.91,0.71,71.8,332.707502,137.430489,11.403576,0.18127362,3.98173195
Rosselia,10.74,0.85,23.4,237.303545,139.470187,2.943611,0.08645063,2.85800384
Khama,10.98,0.73,50.2,282.971935,83.638655,13.957781,0.15469141,3.18551585
Prieska,10.47,0.72,52.0,342.7297,64.005592,11.106584,0.06991096,3.11723895
Griqua,11.29,0.72,29.9,261.747906,121.331012,24.233008,0.37306886,3.21238816
Abastumani,9.21,0.71,101.6,333.465799,28.88617,19.934805,0.03651158,3.43462716
Pierre,11.93,0.76,26.4,43.822958,358.230396,12.263588,0.20331781,2.60823369
Malautra,12.11,0.86,14.5,241.054683,329.173249,3.42368,0.08748393,2.22343739
Renauxa,10.71,0.79,28.9,65.954081,352.558662,10.032827,0.10849631,3.01631468
Fayeta,12.02,0.92,10.0,324.314268,355.083222,7.194872,0.20296773,2.24213471
Margot,10.41,0.81,29.6,146.058821,152.347119,10.828713,0.06877439,3.01744036
Diomedes,8.25,0.70,164.3,128.993409,315.791871,20.470376,0.04579898,5.21683908
Vogtia,10.73,0.75,47.9,101.159895,35.552476,4.204308,0.11632074,3.99328172
Fennia,12.52,0.94,7.3,255.351876,7.057975,23.673727,0.02811258,1.89738668
Saldanha,11.09,0.69,43.6,65.476183,282.407994,10.438483,0.22125742,3.20300566
Jean-Jacques,10.16,0.71,33.3,334.079401,104.612575,15.315021,0.04944509,3.12494258
Mashona,8.71,0.72,112.0,350.483234,326.322792,21.900633,0.12743918,3.38799708
Bonsdorffia,11.50,0.72,28.1,105.189538,319.854808,15.812053,0.26605987,3.20765234
Sigrid,12.15,0.64,24.4,1.549938,330.55444,2.576984,0.20159348,2.42896045
Lappeenranta,11.76,0.88,12.7,50.909603,94.770057,11.043188,0.15610663,2.40150203
Esclangona,12.54,0.89,8.2,268.230872,283.485372,22.319766,0.03235962,1.86613064
Oulu,9.54,0.72,82.7,237.688542,10.04628,6.468585,0.1422322,3.96252247
Inari,10.75,0.84,28.1,126.846314,330.519971,8.777384,0.04713818,3.00394022
Saimaa,10.82,0.80,26.1,8.21106,156.549913,10.713934,0.04055039,3.01178966
Wingolfia,10.48,0.71,28.6,266.643539,91.359852,15.71842,0.10698084,3.42799075
Alikoski,9.81,0.72,67.8,110.077032,51.433382,17.279398,0.08226294,3.20972333
Fabiola,11.18,0.63,27.2,246.889481,166.586138,0.954687,0.16775312,3.14505209
Kirkwood,10.20,0.79,52.4,1.738155,74.004114,0.808066,0.24115954,3.92901596
Herrick,10.72,0.64,42.7,279.335142,184.126745,8.764063,0.12632023,3.43404462
Abanderada,11.07,0.66,39.3,89.602412,104.802053,2.53883,0.12271563,3.15837426
Antilochus,8.59,0.75,101.6,187.509435,221.377003,28.490544,0.05391793,5.14367353
Fuji,10.85,0.89,21.7,189.060433,305.34772,26.63763,0.19547218,2.37580874
Tanga,11.96,0.66,22.2,189.656036,112.173633,4.163421,0.11133139,2.64426441
Indiana,12.33,0.93,12.2,73.861725,75.042708,4.162027,0.10342475,2.24470654
Tombaugh,10.52,0.75,32.3,37.944649,309.048566,9.388056,0.10415544,3.02533497
Jekhovsky,12.03,0.73,26.1,142.897099,190.302608,7.721151,0.31850931,2.68830846
Bardwell,11.45,0.69,27.8,254.103438,152.437994,1.691254,0.18316888,3.11878627
Geographos,15.32,0.89,1.8,276.961211,337.172134,13.33637,0.33553495,1.24567285
Druzhba,11.87,0.90,9.5,238.456371,181.829014,3.172719,0.11951098,2.2303153
Bower,11.09,0.68,36.4,106.628244,324.142388,8.441987,0.14794654,2.573299
Heckmann,11.63,0.63,29.1,56.728561,199.690475,2.750749,0.16292025,2.43543955
ComasSola,11.14,0.64,30.6,323.593588,111.055752,9.584317,0.23097576,2.78344115
Roemera,12.76,0.86,9.6,54.320039,105.300066,23.382323,0.23747295,2.34757322
Dagmar,10.86,0.73,35.8,178.531543,18.966389,0.940079,0.10889013,3.13932382
Steinmetz,11.48,0.88,22.0,1.227432,94.356284,7.205567,0.20478458,2.69683392
Toro,14.31,0.88,12.2,127.228059,274.22428,9.382598,0.43600952,1.36756075
Oort,11.00,0.68,40.6,232.508352,174.555641,1.086943,0.17678091,3.1605148
Hertzsprung,11.20,0.74,38.7,234.844308,69.964321,11.933793,0.27287235,2.79767974
Zvezdara,12.47,0.72,20.7,15.455397,356.862216,4.512587,0.22506665,2.36119145
Kalahari,11.10,0.74,32.7,241.346185,103.844459,9.959113,0.14310707,2.85622416
Klemola,10.18,0.76,31.3,3.621091,149.756795,10.916528,0.0379485,3.02069421
Vladimir,11.48,0.69,34.8,297.111402,163.986513,12.23275,0.05828336,2.71012892
Brouwer,9.98,0.72,64.2,47.848965,321.92808,8.363509,0.20900291,3.95393553
Wright,13.60,1.28,6.3,340.339106,268.362065,21.414083,0.11034287,1.70919018
Cunningham,9.82,0.67,79.5,110.174894,162.832514,12.154937,0.1691068,3.93978541
Lorbach,10.80,0.92,27.9,319.962804,157.083073,10.70201,0.04468985,3.09642972
Wrubel,10.05,0.75,42.3,265.715934,70.14132,19.947633,0.17789203,3.17311963
Appenzella,12.69,0.61,20.9,20.008687,12.348367,3.254959,0.18014241,2.45009045
Finsen,10.96,0.70,37.3,342.420501,220.540515,14.659133,0.15655663,3.12525871
Riga,9.92,0.68,73.8,26.588644,186.702832,22.588582,0.05525295,3.35419572
Beethoven,11.33,0.62,30.4,358.348518,110.800202,2.740558,0.19221585,3.1529106
Deiphobus,8.45,0.72,122.7,0.778681,283.705951,26.900127,0.04619729,5.13493881
Shaposhnikov,9.40,0.70,96.9,266.651518,59.036945,12.482269,0.22102593,3.96800913
Schubart,10.03,0.70,80.1,181.497524,284.83086,1.644355,0.17257561,3.97606503
Hesburgh,10.50,0.74,35.5,339.545302,78.114588,14.266135,0.14435689,3.10820665
Bezovec,11.09,0.74,44.7,355.406528,106.815078,25.033116,0.20966852,2.42335917
Tezcatlipoca,13.79,0.96,13.0,115.477689,246.552507,26.868212,0.36476726,1.70956226
Tamriko,10.64,0.83,30.4,203.293554,213.621441,9.518594,0.08085545,3.00853374
Aksnes,10.60,0.66,42.6,297.056542,150.222408,3.079563,0.18323363,3.97173298
Sazava,12.56,0.60,22.7,223.847105,66.320374,3.902352,0.16175723,2.45160931
Mizuho,10.92,0.87,41.2,341.823498,339.812499,11.815302,0.13404945,3.07131883
Tselina,10.65,0.80,30.1,230.792963,167.152489,10.502874,0.09610111,3.02043987
Mayall,12.70,0.87,7.8,38.48217,306.023914,33.988212,0.11116354,1.88714036
Hadwiger,11.10,0.77,20.2,86.75299,27.852966,15.498449,0.05462785,2.56204689
Kate,12.70,0.92,22.7,4.579558,17.134332,5.348124,0.20141981,2.24270281
Ellicott,10.26,0.67,59.2,304.729981,212.113725,10.31979,0.05723876,3.43791195
Antenor,8.97,0.73,85.1,303.273238,159.027974,6.802534,0.01245796,5.16936615
Pushkin,10.79,0.75,38.3,2.026678,78.524676,5.402059,0.03063646,3.49596444
Sarpedon,9.23,0.79,94.6,55.653382,220.806679,15.939246,0.01906413,5.25596385
Alcathous,8.62,0.74,114.6,292.926208,267.997688,16.627742,0.06588613,5.17724111
Bowell,10.52,0.74,44.2,21.938842,155.641605,6.497309,0.09175659,3.95066029
Neoptolemus,9.40,0.79,71.7,322.081723,86.580016,17.774797,0.04526005,5.19951878
Tchaikovsky,10.89,0.75,46.9,205.277614,229.433127,13.252746,0.18203873,3.39680477
Barto,13.20,0.62,15.5,61.75427,139.906058,2.984698,0.15691279,2.45843156
ElLeoncito,10.46,0.75,53.1,181.421674,156.542947,6.604163,0.04774011,3.65749591
Duboshin,10.21,0.73,54.9,342.403668,61.414567,5.162837,0.15863912,3.96794171
Fucik,10.92,0.81,26.6,135.530408,303.674581,9.123433,0.07215708,3.01818402
Phereclos,9.08,0.72,94.9,77.272365,179.170846,2.668843,0.04733633,5.22517817
Cebriones,8.93,0.75,81.8,56.343171,211.659964,32.092179,0.03907583,5.22855343
Heiskanen,11.11,0.65,31.6,176.588303,151.263843,0.470181,0.27609676,3.16492399
Welch,11.80,0.70,25.4,3.16119,128.063879,2.254055,0.14064506,3.19754913
Pandarus,9.24,0.76,97.9,42.648961,179.696471,1.855291,0.06940032,5.19824608
Kacha,10.18,0.72,57.9,150.321722,352.496752,13.483509,0.11988106,3.99380727
Peiroos,9.08,0.73,87.5,173.174302,108.779726,14.666129,0.07717727,5.14199452
